200.jpg;3;0
401.jpg;55;55
501.jpg;7;0
200.jpg;1
401.jpg;3
501.jpg;5
200.jpg;5;0
401.jpg;4;0
501.jpg;2;1
200.jpg;0
401.jpg;0
501.jpg;0
200.jpg;0
401.jpg;0
501.jpg;0
200.jpg;0
401.jpg;0
501.jpg;0
200.jpg;0
401.jpg;0
501.jpg;0
200.jpg;0
401.jpg;0
501.jpg;0
200.jpg;0
401.jpg;0
501.jpg;0
200.jpg;0
401.jpg;0
501.jpg;0
200.jpg;0
401.jpg;0
501.jpg;0
200.jpg;0
401.jpg;0
501.jpg;0
200.jpg;0
401.jpg;0
501.jpg;0
200.jpg;0
401.jpg;0
501.jpg;0
200.jpg;200.jpg;200.jpg;0
401.jpg;0
501.jpg;0
200.jpg;0
401.jpg;0
501.jpg;0
200.jpg;0
401.jpg;0
501.jpg;0
200.jpg;0
401.jpg;0
501.jpg;0
200.jpg;0
401.jpg;0
501.jpg;0
200.jpg;0
401.jpg;0
501.jpg;0
200.jpg;0
401.jpg;0
501.jpg;0
200.jpg;0
401.jpg;0
501.jpg;0
200.jpg;200.jpg;0
401.jpg;0
501.jpg;0
200.jpg;0
401.jpg;0
501.jpg;0
